round,fedavg_f1,fedprox_f1,fedadam_f1
1,0.8321167883211679,0.8321167883211679,0.8321167883211679
2,0.8321167883211679,0.8321167883211679,0.8321167883211679
3,0.8321167883211679,0.8321167883211679,0.8321167883211679
4,0.8321167883211679,0.8321167883211679,0.8321167883211679
5,0.8321167883211679,0.8321167883211679,0.8321167883211679
6,0.8321167883211679,0.8321167883211679,0.8321167883211679
7,0.8321167883211679,0.8321167883211679,0.8321167883211679
8,0.8321167883211679,0.8321167883211679,0.8321167883211679
9,0.8321167883211679,0.8321167883211679,0.8321167883211679
10,0.8321167883211679,0.8321167883211679,0.8321167883211679
11,0.8321167883211679,0.8321167883211679,0.8321167883211679
12,0.8321167883211679,0.8321167883211679,0.8321167883211679
13,0.8321167883211679,0.8321167883211679,0.8321167883211679
14,0.8321167883211679,0.8321167883211679,0.8321167883211679
15,0.8321167883211679,0.8321167883211679,0.8321167883211679
16,0.8321167883211679,0.8321167883211679,0.8321167883211679
17,0.8321167883211679,0.8321167883211679,0.8321167883211679
18,0.8321167883211679,0.8321167883211679,0.8321167883211679
19,0.8321167883211679,0.8321167883211679,0.8321167883211679
20,0.8321167883211679,0.8321167883211679,0.8321167883211679
