source_dataset,target_dataset,in_domain_f1,transfer_accuracy,transfer_balanced_accuracy,transfer_auroc,transfer_f1,target_majority_accuracy
unsw_nb15,unsw_nb15,0.7554076539101497,0.6825,0.6695227849074004,0.7260303798765336,0.7326315789473684,0.5775
unsw_nb15,cicids2017,0.7554076539101497,0.3575,0.43597560975609756,0.43195793716411734,0.0,0.59
unsw_nb15,cse_cic_ids2018,0.7554076539101497,0.51,0.3225311012133313,0.5539855628935647,0.6733333333333333,0.9575
unsw_nb15,iot23,0.7554076539101497,0.755,0.8441025641025641,0.6968615384615384,0.8231046931407943,0.8125
unsw_nb15,ton_iot,0.7554076539101497,0.32,0.515026697177727,0.5664683447749809,0.10526315789473684,0.7125
ton_iot,unsw_nb15,0.8321167883211679,0.6125,0.5445964292118138,0.6806526806526806,0.7454844006568144,0.5775
ton_iot,cicids2017,0.8321167883211679,0.59,0.5,0.517323790822654,0.7421383647798742,0.59
ton_iot,cse_cic_ids2018,0.8321167883211679,0.9275,0.5124404853325142,0.11488250652741518,0.9622886866059818,0.9575
ton_iot,iot23,0.8321167883211679,0.755,0.8441025641025641,0.6968615384615386,0.8231046931407943,0.8125
ton_iot,ton_iot,0.8321167883211679,0.765,0.5964912280701754,0.5701296720061023,0.8575757575757575,0.7125
